{"stat.useItem.23":3,"stat.walkOneCm":315990,"stat.useItem.160":11,"stat.useItem.24":364,"stat.useItem.25":2,"stat.jump":244,"stat.useItem.323":28,"stat.fallOneCm":9321,"achievement.exploreAllBiomes":{"value":0,"progress":["Plains"]},"achievement.openInventory":245,"stat.craftItem.5":8,"stat.damageTaken":500,"stat.mobKills":1,"stat.useItem.54":28,"stat.flyOneCm":194481,"stat.useItem.12":10,"stat.deaths":1,"stat.drop":19,"stat.useItem.389":210,"stat.playOneMinute":215364,"stat.useItem.1":1,"stat.useItem.3":8,"stat.damageDealt":110,"stat.useItem.17":76,"stat.killEntity.Cow":1,"stat.useItem.13":1,"stat.useItem.14":2,"stat.useItem.58":28,"stat.useItem.15":365}